<beans xmlns="http://www.springframework.org/schema/beans"
	xmlns:xsi="http://www.w3.org/2001/XMLSchema-instance" xmlns:context="http://www.springframework.org/schema/context"
	xsi:schemaLocation="http://www.springframework.org/schema/beans
     http://www.springframework.org/schema/beans/spring-beans-4.0.xsd
     http://www.springframework.org/schema/context
     http://www.springframework.org/schema/context/spring-context-4.0.xsd">
	<bean id="hBean" class="com.cg.demo.HelloBean"/>
	<!-- 
	
	<bean id="address1" class="com.cg.demo.Address">
	<property name="addressLine" value="Hinjewadi" />
	<property name="city" value="Pune" />
	<constructor-arg index="0" value="Hinjewadi"/>
	<constructor-arg index="1" value="Pune"/>
	</bean> -->
	
	<bean id="placeHolderConfig" class="org.springframework.beans.factory.config.PropertyPlaceholderConfigurer">
     <property name="location" value="data.properties" />
</bean>
	
	<bean id="emp" class="com.cg.demo.Employee" autowire="byType">
		<property name="empId" value="${id}" />
		<property name="ename" value="${name}" />
		<property name="address">
			<list>
				<bean id="address1" class="com.cg.demo.Address">
				<property name="addressLine" value="Hinjewadi" />
				<property name="city" value="Pune" />
				</bean>
				
				<bean id="address2" class="com.cg.demo.Address">
				<property name="addressLine" value="Dumdum" />
				<property name="city" value="Kolkata" />
				</bean>
			</list>
		</property>
		<!-- <property name="address" ref="address" /> -->
	</bean>
</beans>