<beans xmlns="http://www.springframework.org/schema/beans"
	xmlns:xsi="http://www.w3.org/2001/XMLSchema-instance" xmlns:context="http://www.springframework.org/schema/context"
	xsi:schemaLocation="http://www.springframework.org/schema/beans
     http://www.springframework.org/schema/beans/spring-beans-4.0.xsd
     http://www.springframework.org/schema/context
     http://www.springframework.org/schema/context/spring-context-4.0.xsd">
	
	<!-- <context:component-scan base-package="com.cg.anno" /> -->
	<bean id="emp1" class="com.cg.emplist.Employee">
	<property name="employeeId" value="12345" />
	<property name="employeeName" value="Harriet" />
	<property name="salary" value="40000.0" />
	</bean>
	<bean id="emp2" class="com.cg.emplist.Employee">
	<property name="employeeId" value="12346" />
	<property name="employeeName" value="Harry" />
	<property name="salary" value="50000.0" />
	</bean>
	<bean id="sbu" class="com.cg.emplist.SBU">
	<property name="sbuId" value="123"/>
	<property name="sbuName" value="Product Engineering Services"/>
	<property name="sbuHead" value="Kiran Rao"/>
	<property name="emplist">
	<list>
	<ref bean="emp1"/>
	<ref bean="emp2"/>
	</list>
	</property>
	</bean>
</beans>